<?xml version="1.0" encoding="UTF-8"?>
<Superhero>
  <New_superhero>
    <Realname>Real name</Realname>
    <Gender>Gender</Gend>
    <Email>E-Mail</Email>
    <Birthyear>Birthyear</Birthyear>
    <Heroname>Hero name</Heroname>
    <Spandex>Spandex</Spandex>
    <Strength>Strength</Strength>
    <Speed>Speed</Speed>
    <Intelligence>Intelligence</Intelligence>
    <Wealth>Wealth</Wealth>
    <Income>Income</Income>
    <Tax>Tax</Tax>
  </New_superhero>
  <New_superhero>
    <Realname>Nick Nedd</Realname>
    <Gender>Male</Gender>
    <Email>Nick@</Email>
    <Birthyear>1976</Birthyear>
    <Heroname>The thick</Heroname>
    <Spandex>Yes</Spandex>
    <Strength>9</Strength>
    <Speed>7</Speed>
    <Intelligence>5</Intelligence>
    <Wealth>0</Wealth>
    <Income>90000</Income>
    <Tax>67</Tax>
  </New_superhero>
  <New_superhero>
    <Realname>Bruce Wayne</Realname>
    <Gender>Male</Gend>
    <Email>Bruce@</Email>
    <Birthyear>1974</Birthyear>
    <Heroname>Battyboi</Heroname>
    <Spandex>No</Spandex>
    <Strength>9</Strength>
    <Speed>9</Speed>
    <Intelligence>8</Intelligence>
    <Wealth>23123111</Wealth>
    <Income>90000</Income>
    <Tax>692232</Tax>
  </New_superhero>
  <New_superhero>
    <Realname>Selina Kyle</Realname>
    <Gender>Female</Gend>
    <Email>Selina@</Email>
    <Birthyear>1976</Birthyear>
    <Heroname>Catwoman</Heroname>
    <Spandex>Yes</Spandex>
    <Strength>1</Strength>
    <Speed>1</Speed>
    <Intelligence>1</Intelligence>
    <Wealth>0</Wealth>
    <Income>13</Income>
    <Tax>2</Tax>
  </New_superhero>
</Superhero>